,REP,DEM,Registerd,county_name,State,% age 25-34,% age 35-44,% age 45-54,% age 55-64,% age 65 or older,Median age ,% Bachelor's,% HS diploma,% less than HS diploma,% post grad,% college,Average HH size,Median gross rent,Median value of an owner-occupied home,Median HH income,Median owner cost burden,Median renter cost burden,% Asian,% Black,% Hispanic,% White
75,0.7857916917519566,0.21420830824804335,8305,Appling,GA,11.400555556666667,11.90138889,13.395555556666666,13.177777776666668,18.195277776666668,39.77777777666667,6.354166666666667,39.50083333333333,22.90888889,5.6286111110000006,25.544999999999998,2.5280555556666666,548.9166666666666,78838.88889,43627.5,14.741666666666667,20.922222223333332,1.6468034186666667,44.15964102666667,4.873179487333333,50.83095726333334
100,0.736,0.264,3125,Atkinson,GA,13.655666666666667,12.473666666666668,13.176833333333335,10.997333333333332,12.743833333333335,34.36666666666667,6.289166666666667,39.09433333333333,26.166666666666668,4.212833333333333,24.272666666666666,2.704833333333333,528.5666666666667,70453.33333333333,37215.18333333333,14.826666666666668,26.663333333333338,0.48233333333333334,27.71377778,7.339555555666667,65.74600000000001
114,0.8653887572690071,0.1346112427309929,4643,Bacon,GA,12.69555556,12.57,12.24777778,13.60555556,16.56666667,38.77777778,7.003333333,40.71333333,20.81666667,4.6511111110000005,26.51666667,2.693333333,558.1111111,75433.33333,39905.777780000004,14.91111111,26.01111111,0.12,43.04,8.93,51.26
117,0.579083279535184,0.420916720464816,1549,Baker,GA,11.045,9.17,13.5,14.585,25.12,45.5,8.285,38.31,20.32,4.405,30.075,2.91,484.5,76250.0,36886.5,15.85,20.5,0.42200000000000004,0.8240000000000001,3.114,95.73
120,0.49343235603835284,0.5065676439616472,18043,Baldwin,GA,12.20846154,8.98076923,11.97730769,13.55653846,14.79923077,33.73076923,6.65,38.808846155,25.165384615,5.354230769,24.120384615,2.9576923075,707.46153845,75292.3077,33768.769230000005,20.19230769,34.265384615,0.526,73.831,0.7545000000000001,22.439
125,0.893204995989458,0.106795004010542,8727,Banks,GA,11.578333335,12.82,12.725833335,12.995833335,15.785,36.083333335,7.4258333335,40.284166665,24.973333335,4.311666666500001,23.345833335000002,2.9091666665,708.75,141741.66665,43469.666665,17.658333335000002,25.916666665,1.07175,11.071749999999998,6.784000000000001,83.146
137,0.7194565275763922,0.2805434724236078,37242,Barrow,GA,13.216807352,13.775414538000001,14.700800668,11.53536976,12.337785128,36.446115288,16.387091396,30.220378947999997,13.029243443999999,8.5155014206,32.116548370000004,2.8720845446,1131.8172766,190518.85046,72023.43482000001,17.733751046,28.782406016,1.4563809524,21.0270476186,5.6182857142,73.846095238
143,0.7573677429744746,0.2426322570255254,49676,Bartow,GA,11.091441798111113,13.169910053333332,15.299813492222224,14.207810846666668,15.024707672222226,41.13981481555555,12.240879630000002,35.62076984111111,16.668912700000003,6.756296296333334,29.21911772555556,2.7214431217777784,892.3715608444444,157869.1931222222,59945.78531777779,17.54366402222222,27.03269841222222,0.6943777055555556,25.563198052222223,3.523914742555556,70.3299284511111
173,0.6321131959397108,0.3678868040602891,6502,Ben Hill,GA,11.80625,13.99125,13.44625,13.17375,15.69875,40.125,6.86875,43.59625,19.4825,3.665,27.7075,2.61875,578.125,77450.0,36296.375,17.5125,31.475,3.1925,24.22375,8.7225,62.65875
195,0.8348313143154878,0.16516868568451218,7677,Berrien,GA,13.5120833325,12.491458332499999,13.3195833325,12.381666665000001,14.719791664999999,36.895833332500004,9.4547916665,37.90375,17.8235416675,5.7704166665,29.135625,2.40083333325,674.4375,97872.9166675,41041.625,15.4875,27.610416665,0.58529166675,23.740833332500003,12.63925,68.9926666675
201,0.38006882707198164,0.6199311729280184,69740,Bibb,GA,12.89461602,11.5693314263,12.771616425,13.917242063000003,14.464807138999998,38.245716408,13.159828606900001,33.98123459600001,17.7637766664,8.7028775712,27.024312246,2.5522231739,764.3313704,114302.95086499999,41919.810681,17.16046566,33.426037788,2.1797233766,39.765535931,5.6890363636000005,53.621825107999996
218,0.7675119702074836,0.2324880297925164,5639,Bleckley,GA,13.055,13.23625,13.34,13.30625,16.73125,41.375,8.3075,41.75875,20.09375,5.13375,24.7775,2.48875,600.5,85575.0,38784.875,15.2875,28.25,0.2175,17.2675,3.8825,78.02
260,0.9091027308192458,0.09089726918075422,7690,Brantley,GA,11.283208332500001,11.8841666675,14.5784583325,14.2709583325,16.5100416675,40.4708333325,7.4792083325,44.868541667500004,15.168708332500003,5.16879166675,27.5314583325,2.7627500000000005,646.4125,93170.0,43062.1,16.0775,30.065,0.3115,23.5974166675,12.402958332499999,70.340125
278,0.6042553191489362,0.39574468085106385,7050,Brooks,GA,10.598111111,12.113999999999999,14.524222223333334,15.037777776666667,18.33566666666667,43.88888889,8.928333333333335,38.498555556666666,20.156333333333333,4.016888889,29.057444443333335,2.600555555666667,588.5555555666667,113650.0,29685.55555666667,20.2,36.105555556666665,0.34361111099999997,30.276388890000003,2.325833333333333,66.50694444333334
295,0.6788352475813754,0.3211647524186246,20983,Bryan,GA,13.741944443333333,15.017222223333334,12.832222223333332,11.915555556666666,12.072777776666667,36.166666666666664,12.496388889,35.069722223333336,14.466388890000003,6.75,30.95,2.404722222333333,1009.5833333333334,148213.8889,57131.166666666664,16.625,26.683333333333334,0.78775,12.523249999999999,4.242916666666667,83.37233333333334
308,0.6205406864895879,0.3794593135104121,29629,Bulloch,GA,14.16645238,11.66945238,12.577928572,11.989333334,13.788380952,35.630952380000004,14.086857142,30.270166668,15.081523808,10.4533571414,30.116833332,2.6725606062000002,805.83073594,125397.03464,45406.614069999996,16.612640692,30.351255412,1.1902666666,2.9437999999999995,8.787433333200001,91.16623333200002
312,0.5090017909322273,0.49099820906777264,10609,Burke,GA,11.9584166675,10.395,13.774000000000001,15.2329166675,15.4796666675,38.7,6.72558333325,36.878750000000004,23.1713333325,4.720416666749999,28.42325,2.6494999999999997,633.641666675,84975.8333325,39267.85,14.9575,31.365833332500003,0.99964285725,16.000624999,5.777410714249999,79.52622023750001
332,0.719804694192222,0.28019530580777796,11674,Butts,GA,14.530000000000001,13.587499999999999,15.035,11.705,14.067499999999999,37.25,9.58,41.265,20.625,4.0575,24.32,2.8625,899.75,132450.0,47890.0,18.075,36.675,1.1600000000000001,48.760000000000005,3.4450000000000003,46.775
349,0.423006416131989,0.576993583868011,2182,Calhoun,GA,13.5195833325,14.33375,12.929166667499999,13.023125,20.805625,42.520833332500004,6.83854166675,39.217708332499996,22.611874999999998,3.8112499999999994,27.741041667500003,2.5745833332499997,519.875,67627.0833325,34550.9375,17.5979166675,24.25,0.8697916667499999,1.9701041667499999,1.1432291667499999,95.6589583325
364,0.6568610560771815,0.3431389439228185,23218,Camden,GA,13.734066666,11.065933334,12.096333333999999,11.908066666600002,13.4362,36.753333334000004,13.7786,32.372466665999994,9.9178,8.224266666599998,35.984266666,2.6524,867.26,137796.0,52923.08,18.107999999999997,29.006,0.5123142858,40.72754285800001,8.1136571428,53.719419048
378,0.713406292749658,0.286593707250342,4386,Candler,GA,13.715,12.741666665,12.834166665000001,11.970833335,16.3275,37.416666665,10.319166665000001,36.869166665,22.985,5.1558333335,25.000833335,2.6383333335000003,666.6666666499999,89658.33335,42937.166665,18.2,25.0,1.5841666664999998,1.9633333334999998,11.4995833335,89.42375000000001
393,0.6976952005063857,0.30230479949361433,53714,Carroll,GA,12.2722601,11.684856691250001,13.32178093375,11.70190909,13.903449495,36.66155303,12.169453913375,36.25786111,17.963606061249997,7.792943182,26.62885227375,2.70291792925,813.1280303125001,125944.678025,51360.91553125,16.47376262625,27.28111111125,1.7371205357500001,18.193163690875,6.3941324405,75.331456845
430,0.7839970064548317,0.21600299354516822,32069,Catoosa,GA,10.929545453333333,13.97388889,13.626565656666665,13.33358586,16.857171716666667,40.646464646666665,12.929545453333334,32.12787878666666,13.544747473333333,6.2448484849999994,35.947171716666666,2.3562121213333334,794.4343434333335,137858.58586666666,54982.22727333333,14.97979798,25.765151516666663,0.5286111109999999,48.63111111,2.486388889,48.8725
455,0.7562486175624862,0.24375138243751382,4521,Charlton,GA,14.989,14.492999999999999,14.673,12.268,15.395,40.7,6.945,41.661,18.921,8.196000000000002,26.115000000000002,2.449,591.0,86200.0,50102.4,14.31,16.29,0.1825,68.0375,1.775,29.145
458,0.4049702591754823,0.5950297408245178,131301,Chatham,GA,15.640790824166665,11.257303030333333,11.548513573,12.605250947500002,17.479311131666666,38.65348274416667,20.392768729166665,24.519412249166663,10.825920349416668,13.74823295425,30.824239268333333,2.5851753096666665,1061.5421777166666,228906.75429166664,59101.82978500001,19.021074735000003,30.051706649999996,0.6044722221666666,15.067932539166668,6.150817460333333,80.17781349250001
460,0.5685640362225097,0.4314359637774903,1546,Chattahoochee,GA,21.848285715,10.959285715,7.0304285715,5.648142857,5.7801428569999995,28.885714285,18.645857145,28.002714285,10.092857143,6.124142857,37.071142855,2.5916666665,542.33333335,66700.0,35642.333335,16.200000000000003,28.549999999999997,1.3054999999999999,5.6745,5.2635000000000005,90.22149999999999
461,0.8130671506352087,0.1869328493647913,9918,Chattooga,GA,10.44675,12.2494583325,12.873791667499999,14.193249999999999,19.21275,41.1375,8.10066666675,39.139250000000004,22.203375,5.197041666750001,25.621875000000003,2.9510000000000005,654.0625,96804.1666675,41467.7375,15.47,24.9858333325,0.3798214285,56.8246428575,4.2175,39.8721428575
471,0.699747462312795,0.300252537687205,142157,Cherokee,GA,12.091307116666668,13.649315476666667,14.989302248333333,13.593928271666668,13.312084836666669,39.010401635,22.890271463333335,26.60036255333333,11.1288912945,9.663665224166666,30.993446970000004,2.6306718975000005,1204.7978595000002,216204.0434,76766.68939333333,17.968768038333334,27.062527056666667,1.7340625,14.212777777666666,5.7722222221666675,79.54513888833333
533,0.28617184236178805,0.713828157638212,50267,Clarke,GA,14.454386755714285,10.431157664285715,9.136192676714286,8.653706082285714,9.163006802285716,30.267847139999997,23.017834932857145,21.337765107142854,12.405472588142858,20.792041616714283,23.00575430142857,2.7453118131428567,828.3953296714286,221979.70695714286,40536.217307142855,18.197042124285716,34.00595238142857,1.9039030612857144,14.248790816285714,11.785790816285715,79.00622449000001
541,0.44639103013314646,0.5536089698668535,1427,Clay,GA,11.871,10.959999999999999,10.405000000000001,15.369666666666665,19.858333333333334,42.666666666666664,7.396999999999999,39.535666666666664,22.066666666666666,5.033,26.047666666666668,2.710666666666667,511.5,68106.66666666667,27729.2,17.86,31.820000000000004,0.7407499999999999,2.4577500000000003,3.968166666666667,94.26916666666666
556,0.14241702715474935,0.8575829728452506,110036,Clayton,GA,15.207325828999998,13.759091721,13.258405862999998,11.7007748823,9.3107201899,33.669818485,13.0467306713,31.857131502999998,16.714991969,6.3508307986,31.925200235,2.9320038461999998,1053.2086557099997,102233.13897300001,50552.838788,19.197428516000002,32.738044622000004,5.058019119600001,47.441255809,9.788190710699999,41.815927507
568,0.738078541374474,0.26192145862552596,2852,Clinch,GA,13.67375,11.798749999999998,13.6697916675,12.7991666675,16.2345833325,38.458333332500004,5.358750000000001,35.343125,26.811458332499996,4.0014583332499996,27.486875,3.17708333325,507.8125,56918.75,27653.4791675,17.233333332500003,32.302083332500004,1.2974999999999999,17.060000000000002,12.10041666675,70.9191666675
581,0.4271502515542505,0.5728497484457494,386199,Cobb,GA,15.278227808235295,14.565131141176472,14.084354901176471,11.677366740117648,11.237093206529412,36.76366044117646,27.743876130000004,20.643404041764704,10.778870875058825,14.649205084117646,26.796688286470587,2.6941703937647055,1296.5859521764705,223893.12667647062,75219.43540764706,17.378278735882354,28.655376712352936,1.0963449622352943,22.538006535647053,8.155149923470589,71.08748748000001
588,0.7023674558186062,0.2976325441813938,14995,Coffee,GA,13.188259921666669,12.991924603333333,13.396416666666667,12.945763888333332,15.039174603333334,38.502579365,7.901251983999999,36.78654761833334,21.55324603166667,5.604793650666667,27.59847023833333,2.8507817460000004,583.26488095,91524.38492166666,39044.367659999996,16.224722221666664,27.430555554999998,1.1351150793333333,32.33648412666667,5.9049761904999984,62.14734920666666
604,0.7377983835599273,0.26220161644007267,15961,Colquitt,GA,12.9097916675,11.96625,13.49833333375,13.005749999999999,17.522208333749997,39.0375,6.437708333250001,38.954041666250006,24.70433333375,4.950458333375,23.7773333325,2.879458333375,600.5041666625,87501.66666625,41455.820833750004,15.398333333750003,25.847499999999997,0.921416666625,34.15304166625,7.334729166624999,58.058979166250005
607,0.6312889405639036,0.3687110594360964,79127,Columbia,GA,12.662733585,12.746902956666666,14.180659271666668,13.513196248333335,14.577375541666667,40.83225108333334,16.718214285000002,29.413121393333338,13.021052489166665,9.023762626166667,31.984761905,2.873890873,1024.0664682833333,152813.78968333334,62674.734523333325,18.289226189999997,29.71984127,0.6297222223333333,36.60791666666666,1.8095833333333335,60.305694445
627,0.7041241557695072,0.2958758442304929,6959,Cook,GA,12.493333333333334,12.829444443333331,12.765,12.736666666666666,15.545,37.083333333333336,8.926944443333333,38.61638889,21.019166666666667,4.736388889,27.024444443333334,2.9180555556666667,716.5555555666666,90666.66666666667,39111.13889,18.433333333333334,26.308333333333337,0.2644444443333333,25.423333333333336,13.413333333333334,70.15444444333333
646,0.6810684049445527,0.3189315950554474,75477,Coweta,GA,11.63380681875,13.02633559125,15.434646706250001,13.223596663749998,14.520147872499999,39.886145103749996,18.085571095,31.58710482125,12.94360285475,7.835066652625,30.354751602500002,2.58633471725,1046.2430434125,182012.738925,65317.0136,17.757525495,27.287469404999996,4.11285206975,53.59347718200001,4.730099995875,38.64713992625
655,0.7327486347840476,0.26725136521595233,6043,Crawford,GA,10.575833333333334,12.24111111,14.466944443333333,16.33611111,18.212777776666666,44.94444444333334,7.004444444333333,36.293055556666665,15.303888889999998,6.976388889,33.245,2.4630555556666667,704.8611111,109769.44444333333,45152.61111,16.297222223333332,27.89722222333333,2.41,39.02888889,3.2755555556666667,56.147777776666665
667,0.6257221803566942,0.3742778196433057,7962,Crisp,GA,10.159625,12.4575,11.977125000000001,15.941,19.4085,42.8,7.976999999999999,41.553375,20.445625,5.3225,24.77075,2.6898750000000002,582.1125,90900.0,39605.875,15.93,32.21625,0.615,21.36875,1.655,76.95750000000001
700,0.8278968199808926,0.1721031800191074,7327,Dade,GA,10.607,11.7615,15.682666666666668,15.372333333333335,18.25016666666667,43.5,14.202666666666667,30.512333333333334,19.551333333333336,6.499333333333333,29.596833333333336,2.6261666666666668,794.7833333333333,143278.33333333334,46505.200000000004,14.878333333333332,29.201666666666664,0.8322222223333333,41.42333333333334,3.5655555556666667,55.83888889
729,0.8434410227344291,0.1565589772655709,15879,Dawson,GA,10.71916667,12.03583333,14.1725,13.855,18.2025,42.33333333,20.27416667,28.31666667,12.65416667,9.88,28.26666667,2.76,1020.7272730000001,222436.3636,72155.36364,16.75454545,25.06363636,4.455882353,20.23,6.587058824,71.50882353
738,0.1596767532145709,0.8403232467854291,363190,DeKalb,GA,17.289301093571428,14.613459082500004,12.958239686785713,11.693350987357144,11.662107965857142,36.60647571642858,25.935299653571434,19.96891619092857,11.155501833392853,19.532022491714287,23.834879380714288,2.6611176342142855,1208.692135075,247588.25703571428,67224.20563464286,19.009586056785714,31.059606870714276,2.325386014642857,33.75522926071428,8.020961116714286,58.66255502739285
748,0.5857167620038135,0.4142832379961865,11538,Decatur,GA,11.763333334,10.2125,16.051166666,14.066833334,17.450666665999996,42.583333333999995,7.424166666800001,35.99550000000001,19.638666668000003,5.9455,31.333499999999997,2.2801666666000004,670.95,98796.66667400001,40587.433332,15.858333334,28.038333333999997,0.9446000000000001,2.4973,3.9625333333999997,91.7106
792,0.7290548133349981,0.2709451866650019,8009,Dodge,GA,12.076571428,13.348285714,13.883928571999999,15.013071428,17.851142858,42.385714286,7.6834285714,44.163928572,18.345785713999998,5.9990714286,23.533571428,2.4477857141999997,580.95,72822.142858,35624.328572,14.142857142,30.985000000000003,0.6742461538000001,34.772415384,2.520671795,61.756374357999995
799,0.5304668304668305,0.46953316953316954,4070,Dooly,GA,10.725,13.487933334,14.418466666,13.4134,18.730733332,41.379999999999995,6.5904,35.877133334,28.990266666000004,3.9199333334000004,24.294666666,2.5861333332000003,509.77333333999997,78200.0,35789.9,17.472666666000002,35.663999999999994,1.0544650348000002,54.773968530000005,6.528895105799999,38.445541958
803,0.29917303164302533,0.7008269683569747,34826,Dougherty,GA,12.7990308275,11.8278441725,12.735502135,12.902391637500001,15.579387212499999,37.9929029325,12.069940476,30.5986958175,16.84404991,8.42633547075,32.486079825,2.6241964285,742.9624541999999,111559.4933,45992.51969,17.963369965,29.723603477500003,0.23920833325000002,29.6434166675,4.7921249999999995,66.770375
805,0.3726312999690799,0.62736870003092,67917,Douglas,GA,12.572184065,13.793392855,15.484285715,11.388369965,11.552550365999998,36.979395605,15.876703299999999,32.5310485375,12.539880952499999,9.09757783925,30.616085165,2.8367536632500006,1078.9391025,148247.893775,62203.97619,17.3884615375,28.74271978,1.4267261907500002,30.35678571425,4.5190625,64.50521577250001
834,0.5273467804499612,0.4726532195500388,5156,Early,GA,10.967500000000001,11.400357145000001,13.15892857,13.252857145,21.882142854999998,43.428571430000005,8.5232142855,41.576428570000004,18.931785715,5.5360714285,25.475,2.8267857144999997,641.2142857,82028.57143000001,33841.17857,18.107142855,28.760714285,0.447,5.186,3.555,90.81300000000002
841,0.8826423049894588,0.11735769501054111,1423,Echols,GA,13.17,12.92,19.41,14.65,19.99,43.0,8.34,36.19,23.96,2.17,29.49,2.98,631.0,59500.0,36897.0,15.8,28.4,0.498,14.687999999999999,13.655999999999999,74.9
853,0.751787669909167,0.24821233009083296,31046,Effingham,GA,12.417928571428572,12.365938775714284,14.57140476142857,12.531068027142855,13.366653061428574,36.65136054428571,12.192891157142858,39.460908162857145,15.77207823142857,6.471993197285713,26.641380952857144,2.5668401361428574,907.3350340571429,149769.2857142857,61986.13061285715,16.99122449,37.08840136142857,0.5855612244285714,28.46255102,8.178954081571428,66.40043367285715
859,0.6838001098297639,0.31619989017023614,9105,Elbert,GA,11.270666666666665,11.740666666666668,13.475333333333333,13.712666666666669,19.612666666666666,42.06666666666667,6.632666666666666,44.03,21.615333333333336,4.728000000000001,23.189333333333334,2.6306666666666665,637.6,96540.0,37712.066666666666,16.933333333333334,32.553333333333335,0.38944444433333336,2.311111111,11.167222222333331,91.865
871,0.6943296237413884,0.30567037625861154,9435,Emanuel,GA,12.800277778333331,12.058333333333332,12.610972221666666,14.206111111666665,16.739305556666668,39.11111111,6.831388888833334,41.13402777666666,20.91375,5.384583333333333,25.335555555,2.5731944445,594.44444445,76904.16666666667,35603.73611,16.405555556666666,30.66805555666667,1.407373016,4.664168650666666,11.990045634500001,89.52428769833331
892,0.6856600189933523,0.3143399810066477,4212,Evans,GA,17.74095238,11.644761903333332,13.745714286666667,11.270952379999999,16.221904763333338,35.90476190333333,6.360952381,40.16,26.47714285666667,5.521904762000001,21.38571428666667,2.7247619046666665,638.5238095333333,80290.47619999999,36916.42857,14.823809523333333,23.08095238,0.828095238,5.370952379999999,11.009523809666668,88.68238095333334
902,0.8252803261977574,0.1747196738022426,14715,Fannin,GA,8.7801714286,10.469271428599999,11.719057142,17.739128572000002,28.149685713999997,49.844285714,12.806999999999999,37.875542858,15.408571427999998,7.2398857142,28.218657141999994,2.7097666666,813.1266666600001,181295.0,43328.106666,17.745666665999998,28.553333334,1.3412,20.293314285399997,9.531980952400001,74.82982857200001
909,0.5326566831429033,0.46734331685709674,68179,Fayette,GA,8.9240267396,11.529328204,16.08003773,14.442746154,16.464652014,42.616446884000005,27.277709158,21.100306962,5.9091754578,16.1734073246,28.828180951999997,2.6943095238,1208.5452381999999,260653.09524000002,83124.083334,17.108809525999998,29.190238094,6.067888888800001,47.848333334,9.037277777800002,40.490722222
931,0.7117418065127045,0.2882581934872955,38018,Floyd,GA,10.846324675714287,11.310458874285715,13.06028386,12.832855288571428,15.918112554285713,38.45361781142857,13.017567099,33.395886208571426,17.275709955714284,7.850386518285714,28.013361781428568,2.767991960285714,757.0726654285714,138103.07977142857,50918.295175714295,16.11050092857143,28.424260975714287,3.4704970628571425,32.53375572142857,9.299251546571428,58.61052674571429
945,0.6685709346367222,0.33142906536327776,127258,Forsyth,GA,10.475572464399999,14.754231012000002,16.127355922,12.047518352,12.302958406,38.80597826,28.794759929999998,20.759571028,9.3506442688,14.549367659199998,27.141418006000002,2.8418932572,1355.6160644,284568.79212,90579.69288399999,17.988036186,27.473852108,4.6944871794,23.795117949399998,19.0014564094,60.393235896
953,0.8505488319729806,0.1494511680270194,10659,Franklin,GA,11.7749375,11.2690089275,13.847285715,13.695464285,19.1059821425,41.1973214275,8.8023214285,39.2544464275,21.423598215,5.10926785725,25.938875,2.39698214275,708.29464285,123618.39285,43126.5723225,16.174374999999998,29.83875,1.31934027775,6.64375,3.703576389,87.83017361
988,0.26551280740525196,0.734487192594748,508612,Fulton,GA,17.442937200485716,14.125735666857146,13.633284254485714,10.767755533828572,11.325560660199999,35.98718900514285,28.402689856,19.792325158914288,9.515314961171427,19.698598235371428,23.261086742285716,2.4781455287142853,1247.4406734971428,286361.70822599996,70947.0990557143,18.875947301142855,31.016144397999998,3.2541464286000004,39.857468594,9.896644614628569,51.34532448942858
1036,0.8216368883158347,0.1783631116841653,16287,Gilmer,GA,9.400666665666668,10.452555555666667,13.581555556666666,16.753,25.246555556666664,48.211111113333324,13.412111112333335,33.78677777666667,17.727,8.403555555333334,27.392111113333332,2.6652777779999997,778.8333333333334,177363.8889,52816.11111,15.652777776666667,27.213888890000003,2.4391666666666665,12.851666666666667,7.656666666666667,79.945
1042,0.9005134788189987,0.09948652118100128,1558,Glascock,GA,11.844000000000001,11.694,13.015999999999998,14.474,18.03,40.4,7.423999999999999,42.598,23.97,3.892,22.334,2.67,619.8,65520.0,36892.2,16.88,28.32,1.3633333330000001,48.58333333,1.39,48.57666667
1047,0.617331917563589,0.38266808243641104,41438,Glynn,GA,10.937698411666666,12.676309523333332,12.222857143333334,15.282480158333334,19.97283730166667,43.26190476166666,19.57528769716667,26.06524801666667,10.655585316666668,12.798184523833333,31.02234127,2.6488095238333336,1127.0079365,202959.12699999998,59153.97222166666,16.919444445,29.484126985,0.33058333333333334,26.852277778333335,5.366666666666666,69.10327777833334
1056,0.815713144730758,0.1842868552692421,23789,Gordon,GA,9.830066666,12.507933333999999,15.278533333999999,13.763733334,16.543666666,41.980000000000004,9.144533333400002,36.478533334000005,21.581733334,5.654333333399999,27.260333334000002,2.6057333334,758.3533333400001,130579.33333999998,48168.17333400001,15.633999999999997,29.361333334,1.9236920636000003,33.480279364,4.7962126982,61.034495238
1060,0.660742830277386,0.339257169722614,10635,Grady,GA,11.572777776666667,10.833888889999999,15.418333333333335,13.887777776666667,18.100555556666666,42.916666666666664,7.831388889,37.2875,20.33722222333333,5.260000000000001,29.575555556666668,2.7622222223333335,714.4722222333334,113283.33333333333,43071.555556666666,17.041666666666668,29.01388889,0.24277777766666664,1.7433333333333334,1.0066666666666666,96.84166666666665
1105,0.6335604159196845,0.3664395840803155,11156,Greene,GA,11.547714285,10.878285714250001,12.278714285,14.337,23.393,42.3928571425,7.805214285,40.1768571425,24.344,7.3833571424999995,20.388714285,2.8395714284999998,718.8285714250001,124993.571425,39561.5928575,18.1314285725,34.045714285,0.6773750000000001,30.26875,2.405125,66.710875
1140,0.4077454341824755,0.5922545658175244,407156,Gwinnett,GA,13.256761505,14.680280591250003,15.026783743125,11.391689794375,9.85308173325,36.298095440625,23.363916769375,23.194128550625,12.332541302875,12.2195351845625,29.214457132500005,3.0575516661249993,1342.0124966249998,208546.61188125,73988.68882125,19.207947781249995,30.249198344999996,10.8285592845625,20.67469345775,10.297835310625002,62.483179283125004
1142,0.8235935563816604,0.17640644361833954,20175,Habersham,GA,10.743785714200001,12.363242857999998,12.6595,12.387571428000001,19.035500000000003,40.412857142,10.183357142,33.7248,22.430685714,8.237871428,25.429414286000004,2.7965714286,751.99,147020.71428000001,47952.152858,17.373285714,26.986142858,1.8051333334,12.272533334,9.236866666000001,82.20739999999999
1148,0.7194159830316361,0.2805840169683639,89107,Hall,GA,12.604481384999998,12.979080448000001,13.597380664000003,12.0968100294,14.960898989,38.00868686700001,13.3968394661,29.996843000999995,21.3764557,7.6246181096,27.553667749000006,2.9225151516,1004.819632,173320.02453,58073.70284900001,16.88979798,28.440688314,0.9287500000000002,12.1505,7.177266666700001,83.32198333299999
1168,0.2796814671814672,0.7203185328185329,4144,Hancock,GA,10.14,11.15,15.275,15.7175,21.8125,44.75,9.915,36.48,21.3175,5.5725,28.33,2.8375,766.75,88875.0,45079.75,16.9,32.675,0.5066666670000001,16.82333333,1.193333333,79.38
1182,0.8730698399206687,0.12693016007933136,14118,Haralson,GA,12.419047617499999,12.654226192500001,14.403511904999998,12.548214285,14.65702381,39.083333332500004,8.5091666665,36.878988095,21.268988095,5.519047619249999,28.3104166675,2.549702381,740.8511904750001,117112.499975,49276.09524,16.7125,28.590476192500002,1.4153846154999998,14.231346154999999,12.264999999999999,77.6640384625
1203,0.7240594660194175,0.27594053398058255,19776,Harris,GA,10.435270833375,12.43691666625,14.372666666250002,14.779749999999996,18.39697916625,43.0375,16.27383333375,26.62477083375,12.196625,10.877104166625001,34.97845833375,2.816416666625,975.2958333375,178910.625,67361.12708375,17.700416666250003,30.182083333749997,0.851413690375,13.6038363095,4.31704464275,82.8020729175
1214,0.7498613422074321,0.25013865779256794,12621,Hart,GA,11.63625,10.1116666665,13.751666665,15.26125,23.103749999999998,44.916666665,10.934166665,35.937916665,18.044583335,5.50375,31.109583335,2.7729166665,726.4583333500001,132366.66665,46084.666665,16.633333335000003,26.920833335,0.82375,1.98625,5.307499999999999,93.88874999999999
1228,0.8458224053952791,0.15417759460472086,5338,Heard,GA,11.454,12.665999999999999,15.235999999999999,13.644,16.066,41.2,8.57,42.24,15.568,5.734,26.965999999999998,2.734,749.4,123720.0,54216.8,17.96,24.34,4.2575,18.51,11.6175,72.245
1241,0.3967216353951409,0.6032783646048591,121463,Henry,GA,12.3698617425,14.056170455000002,15.5626325775,11.405873105,12.0875852275,36.5950757575,15.835749999999999,33.944873105,10.8693958325,8.82709091,30.3103503775,2.850534091,1195.71382575,161234.772725,66432.09393999999,18.7145075775,29.6345833325,2.190735029,71.50489087,4.14525072125,22.921248195500002
1292,0.5632938044201747,0.4367061955798253,73617,Houston,GA,13.945028045,12.890172275000001,13.181911057499999,11.518237179999998,12.2654607375,35.515224358750004,15.293810096249999,29.71084936,9.844675481125,9.24385016125,36.26620993625,2.7989535985000003,930.6780302125001,128877.79356875,60232.034092500005,16.001799242500002,27.360132574999998,1.9237339745,28.53341346125,2.963333333375,66.43871794875
1346,0.7566393046837276,0.24336069531627233,4142,Irwin,GA,11.569166665000001,12.181666665,13.60125,11.86375,18.7675,40.958333335,8.76375,39.160833335,18.411250000000003,5.317500000000001,29.833333335,2.6258333335,567.5416666499999,80325.0,38550.833335,16.125,25.5375,0.842261905,14.787380950500001,3.5691666665,80.54642856999999
1360,0.7942324779880988,0.20576752201190124,37139,Jackson,GA,12.083031745714285,13.333222222857144,14.271726189999999,12.544289681428571,14.375472222857143,38.54484127,12.175333333285716,33.97967857142857,20.48449603142857,6.312666667,27.40232142857143,2.8736071428571432,876.7861111142856,165239.00792857143,60450.99960142857,16.508373015714287,28.598214285714285,1.8082261904285715,14.035785714285717,3.989630952428572,80.72402380999999
1381,0.7677700118686536,0.23222998813134643,7583,Jasper,GA,10.68,12.138333333333334,13.4225,14.701666666666668,15.176666666666668,40.666666666666664,7.239166666666667,39.060833333333335,21.698333333333334,4.226666666666667,28.111666666666665,2.7525,876.9166666666666,117733.33333333333,45954.0,19.258333333333333,29.383333333333336,0.03166666666666667,51.80888889,5.653888889,44.54777777666667
1390,0.8203739297571204,0.1796260702428796,5723,Jeff Davis,GA,10.9545,12.3185,12.29,15.275,17.136,41.45,6.828,39.4195,22.673499999999997,5.116,26.21,2.6035000000000004,520.0,72465.0,40881.25,15.655000000000001,18.835,0.49249999999999994,24.060833334999998,10.6716666665,68.429166665
1396,0.46551724137931033,0.5344827586206896,7598,Jefferson,GA,12.617357142857143,11.315238095714287,13.49945238142857,13.590880952857145,17.098095238571428,39.00952380857143,7.861023809571429,41.562,25.179928571428572,3.1292380951428576,22.570500000000003,2.7847619048571426,559.4976190428572,73825.47619,37146.91428571429,15.497619048571428,29.419285714285714,1.0424761904285715,19.412690476142853,5.29250340142857,76.58903741428573
1420,0.630580682812956,0.36941931718704407,3427,Jenkins,GA,10.06142857,10.427857145,14.298571429999999,15.705,17.049285715,41.5,6.0192857145000005,42.72142857,20.32642857,4.072857143,27.22357143,2.7157142855,565.9285714499999,72578.57143000001,32529.857144999998,16.607142855,29.364285715,0.583125,11.678541665000001,4.123125,85.52875
1431,0.699901768172888,0.300098231827112,4072,Johnson,GA,12.85775,13.01875,13.5595,12.479,16.756999999999998,39.825,5.97,43.85900000000001,23.064749999999997,3.811,23.32,2.5797499999999998,586.875,68960.0,39039.55,14.915,29.14,3.7275,13.95375,6.123749999999999,76.76375
1444,0.6709082340267959,0.32909176597320405,14853,Jones,GA,10.122499999999999,11.45875,14.09025,13.7195,14.911000000000001,37.075,12.55425,36.432,13.3585,7.70025,29.810499999999998,2.80125,803.625,122975.0,51034.0,17.0,37.705,0.77,35.645,1.9512500000000002,61.83625
1565,0.7076337586747258,0.2923662413252742,8934,Lamar,GA,11.505277776666667,11.832500000000001,12.93388889,15.039444443333332,17.284166666666668,41.083333333333336,10.428888889999998,37.09083333333333,14.977222223333333,6.314444444333333,30.40611111,2.6077777776666666,689.8888889,134858.33333333334,47556.63889,18.025,27.686111110000002,3.168842592666666,31.536342593333334,4.059120370333333,62.35513889
1579,0.7111678004535147,0.28883219954648526,3528,Lanier,GA,12.819166665000001,12.536666665,14.84333333,12.915,16.775833335,39.5,8.898333333,36.065,22.768333335,4.375,27.933333335,2.9241666664999997,550.4166666499999,80266.666665,36777.75,16.433333335,26.075000000000003,0.547,34.635,5.521,60.248
1592,0.6427398233231234,0.35726017667687665,22527,Laurens,GA,11.469259257777779,12.285537036666666,12.869703704444444,13.585777777777778,17.30798148111111,40.30925926,7.6196111111111104,45.35531481333334,17.940074073333335,5.650388889000001,23.607574074444443,2.599703703777778,622.9574074222223,80249.07407444443,38476.63518333333,14.700000001111114,29.616296295555554,0.623014705888889,39.46156772,3.2978533043333336,56.928149420000004
1615,0.7247795094841126,0.2752204905158874,16554,Lee,GA,12.274583334999999,13.03875,13.451250000000002,13.559999999999999,15.95375,39.875,13.149583334999999,32.182500000000005,14.760833335000001,8.515,31.900416665,2.5983333335,785.0,126395.83335,50550.916665,16.045833334999998,35.429166665,1.6465,38.178833335,5.1341666665000005,55.312333335000005
1645,0.37837580376280067,0.6216241962371993,20995,Liberty,GA,16.7648076925,11.182355770000001,11.34855769225,12.40201923075,12.298413461500001,34.64423077,12.083509615,32.8425480775,11.71730769225,5.834471153749999,36.08889423,2.87114583325,946.5833333249999,120608.333325,49149.9375,18.19375,28.978125,0.6104166667500001,23.805583335,8.825249999999999,71.1858333325
1653,0.6891686563924463,0.3108313436075537,4607,Lincoln,GA,9.5875,11.9175,12.14,16.04,22.76,45.5,8.7175,41.875,17.5225,6.105,25.63,2.405,740.75,105200.0,38888.5,18.825,31.425,1.258333333,22.65833333,6.42,71.63666667
1700,0.6344182700953066,0.3655817299046934,5561,Long,GA,18.3375,12.3925,8.61,6.9725,5.7225,27.75,14.1125,32.4975,9.075,5.78,38.41,2.336666667,885.3333332999997,124833.3333,53462.66667,17.73333333,31.03333333,0.21,15.535,5.74,84.225
1712,0.5627094725701182,0.43729052742988184,45352,Lowndes,GA,14.540052909999998,11.235648147777777,11.166079365222222,11.526875661111113,11.695074073333334,32.371164022222224,14.642095237444446,28.470230158888885,15.33441005222222,8.781955026444443,32.09407142777778,2.742486772555555,805.6190476222223,127835.97883333333,47297.22354555556,17.17936507888889,31.440476192222224,0.451074074,27.805545415222223,4.320228836000001,68.30332098888888
1718,0.7957073681455307,0.2042926318544693,15282,Lumpkin,GA,10.595,11.043,12.06,14.272,20.529,41.5,17.535,27.872,12.909,11.360999999999999,30.198,2.56,1191.25,193137.5,61922.125,16.4375,28.05,7.886666667,22.07533333,6.256,66.81733333
1734,0.38426724137931034,0.6157327586206897,4640,Macon,GA,9.61375,12.6685416675,13.973958332499999,15.149999999999999,18.431874999999998,42.395833332500004,5.6058333332500005,34.6514583325,25.406875,3.1708333332499996,30.29375,2.59729166675,573.270833325,71539.5833325,31683.3541675,17.2270833325,32.575,3.9690624999999997,37.34453125,2.8534375,55.11796875
1744,0.7681069533457378,0.23189304665426227,14511,Madison,GA,11.93675,12.481342858,14.028978572,14.256621427999999,16.139300000000002,40.622857142,9.122257142799999,38.097478572,20.661257142,6.473121428600001,25.699771428000002,2.4365428572,694.7635714200001,120712.35714000001,48171.052142,15.357785713999998,27.900357142,0.8350952380000001,2.2619999999999996,6.697142858000001,92.36252380799999
1780,0.6344116006692694,0.3655883993307306,3586,Marion,GA,10.436722222333334,10.899111110000002,14.621222223333334,15.31938889,18.94211111,43.277777776666674,8.606055555666666,36.696111110000004,19.66461111,5.852555555666666,28.5005,2.4682222223333334,659.4333333333333,104006.11111,44970.72777666667,18.980555556666665,27.52555555666667,6.886666666666667,18.833333333333332,5.45,71.71833333333333
1842,0.5967882364322338,0.4032117635677663,10337,McDuffie,GA,12.553958335,11.615416665000001,12.41875,13.430625,16.113541665,38.270833335,8.8754166665,39.330625,18.810416664999998,5.2497916665,26.580208335000002,2.6608333335,720.7291666499999,110245.83335,40393.354165,17.8125,32.56875,0.0755,36.949,1.6102500000000002,60.93599999999999
1845,0.6059143029571514,0.3940856970428485,6628,McIntosh,GA,11.911,8.440333333999998,13.957333332000001,16.310333334,24.124333332,47.433333334,6.6086666666,36.010666668,18.540333334000003,5.7446666666,32.499333334,2.6159999999999997,874.96666666,116906.66666000002,48747.1,17.953333332,32.29,0.9331428572,19.479342858000003,5.8608666666,76.018676192
1890,0.6034594394598094,0.39654056054019055,10811,Meriwether,GA,11.469583333333333,11.109166666666667,13.493055555000003,15.018750000000002,19.624722221666666,42.90277777833333,8.787361111166666,38.234722221666665,20.850416666666668,5.085138888833334,27.751666666666665,2.5405555556666664,752.5972222166666,108862.499995,40342.638888333335,17.740277778333333,32.34722222166667,5.632599206166667,26.622876982833336,5.017440476166667,64.73136904833333
1910,0.7339253996447602,0.2660746003552398,2815,Miller,GA,11.010714285,10.6375,14.445,13.764642855,22.933392855,44.214285715,8.215714285499999,37.078035715,17.973214285,5.2394642855,31.57267857,2.74,604.5178571499999,88008.92856999999,37768.446429999996,17.717857145,28.201785715,0.7274999999999999,1.1,2.1225,97.4925
1927,0.5528409727670066,0.4471590272329934,8923,Mitchell,GA,10.77165476075,11.148773810000002,13.7165476175,13.15222619,17.342940475,40.15952381,6.24648809525,36.962011905,23.315285714999998,4.87646428575,27.997321427499998,2.6609285715,621.778571425,89666.190475,34670.610715,19.530714285000002,28.7271428575,1.137625,43.41719318249999,5.354329545,51.5181818175
1945,0.7161357161357161,0.28386428386428386,15444,Monroe,GA,11.156249999000002,12.282361113333332,13.547916666666666,15.026944443333333,16.257777776666668,40.26388889,12.319444443333333,38.09583333333333,16.828472223333332,7.647083333333334,26.752916666666664,2.712361111,802.4166666666666,141123.6111,54404.90277666666,17.075,28.50972222,2.591904762,36.73428571333333,3.439523809666667,58.81857143
1965,0.7519695044472681,0.2480304955527319,3935,Montgomery,GA,11.207500000000001,11.141868686666667,13.586641415,14.092500000000001,17.764898988333336,42.116161616666666,8.319267676666668,39.07252525166667,18.61694444333333,6.006742424333333,27.88361111,2.6728787878333335,654.25252525,82263.88888833333,43015.275251666666,14.555050503333332,28.01010101,2.1142407408333335,6.235092592666667,17.145685185333335,85.74187037
1992,0.7103513770180437,0.2896486229819563,11583,Morgan,GA,11.022972221666668,10.863999999999999,16.716694444999998,13.350194445,18.211708333333334,44.447222221666664,11.564819445,38.018902778333334,14.368722221666667,7.045138888833333,28.596666666666664,2.700791666666667,849.7597222166665,185645.55555000002,59923.763888333335,17.138194445,26.40597222166667,0.8316137566666667,10.520489417333332,15.204391534333334,83.99427248666667
2016,0.8489996720236143,0.1510003279763857,15245,Murray,GA,14.1473958325,12.6814583325,14.595729167500002,12.1971875,14.7127083325,39.583333332500004,4.711145833250001,38.1027083325,32.2490625,4.3442708332499995,21.696354167499997,2.5041666667499998,701.947916675,92956.25,47306.7083325,14.5604166675,26.9625,0.6400416667500001,40.38775,3.96975,55.3025
2020,0.37838281743524954,0.6216171825647505,79150,Muscogee,GA,15.32878152,12.32096739625,12.616910038750001,11.813397997500001,12.507136363625,35.11141774875,16.586658820000004,26.68001988625,13.65000446375,9.353088203874998,33.98662391875,2.6538360390000006,879.9788871125002,149236.46914125,49646.93274624999,19.4656340175,30.616713563749997,2.8180963481249997,13.220976107750001,8.118727660874999,78.51652583625
2058,0.4448814494482553,0.5551185505517447,53648,Newton,GA,11.533412588,14.263430070000002,13.921377622,12.023727271999999,13.452010490000001,37.808391608,11.620772728,32.873951047999995,17.727646854,6.952587412599999,30.136993008,2.7674370628,972.6454546000001,135967.02797999998,52273.98077,18.409405594,30.828076923999998,2.284,16.333333334,19.535888888,69.684444444
2100,0.6703563060515473,0.3296436939484528,24754,Oconee,GA,10.615198413666667,13.0659127,15.18781746,13.767420633333332,15.60531746,40.726190476666666,19.68130952333333,25.22186508,10.493095238,19.35575396666667,26.451230156666668,2.8319841269999997,959.4285714333333,226771.8254,75543.59523666666,16.90357143,25.618253966666668,2.8463939393333333,8.024757576666667,36.400818181666665,83.05609091000001
2106,0.6966110142038375,0.30338898579616247,8026,Oglethorpe,GA,10.661666666,13.527333334,14.171333334,15.195333334,17.188333332,42.433333332000004,9.9249999994,38.397,19.138333331999995,7.314666667199999,25.182333334,2.747,743.7333333199999,122723.33332,49517.966666,16.453333334,27.353333332,1.0883333334,9.1978333334,4.7936333334,86.782733334
2191,0.6474238569628379,0.35257614303716206,84118,Paulding,GA,12.923806193333334,14.314975023333332,15.749860140000001,11.793663003333334,10.595899100000002,36.64552114333333,16.466143856666665,32.59034965,10.059240760666668,8.433391608666666,32.40645687666666,2.816391941333333,1131.560606,174540.59273333332,69915.29320666665,17.9985348,28.208125206666665,2.568055555666666,20.824873014666665,6.004992063333334,72.21196032
2198,0.5234261793592014,0.47657382064079856,12422,Peach,GA,12.59222222,11.911666664999998,14.226722220000001,14.48638889,13.704166664999999,38.66111111,13.203833334999999,29.492222220000002,13.609555555,9.473388888999999,33.75772222,2.7210555555,833.7111111000002,127235.0,53286.627779999995,17.468333335,29.58722222,0.53,37.201666665,9.1133333335,59.665000000000006
2241,0.8336788485458746,0.16632115145412546,16883,Pickens,GA,10.279513889250001,10.63239583425,13.909409722500001,15.5574305575,21.344375,45.26388889,14.199513889999999,30.434513889999998,15.1030902775,8.953159722999999,29.053993055,2.645173611,850.3923610999999,194814.2361,63377.7083325,17.407638887500003,23.02048611,1.01368181825,36.7063181825,4.812636363749999,58.2708636375
2244,0.877861747054901,0.1221382529450989,8998,Pierce,GA,11.0747083325,13.886875,13.101500000000001,13.815583332500001,16.561999999999998,38.325,5.9069583332499995,41.3742916675,21.1804583325,6.23566666675,25.2362916675,2.95408333325,618.491666675,88082.0833325,43878.9625,15.6475,36.8758333325,0.14589285725,55.8673214275,7.2789285715,37.3926785725
2251,0.8585677990025407,0.1414322009974593,10627,Pike,GA,11.663666666000001,12.434833332,15.703999999999999,13.868833333999998,15.774333332000001,41.516666666000006,9.0215,40.8915,13.448999999999998,5.6205,29.118000000000002,2.5761666668,793.31666668,136923.33332,52912.816668,18.015,29.235000000000003,3.7338508773999997,37.790557016,8.2359719298,54.48992544
2285,0.787905142923407,0.21209485707659304,17247,Polk,GA,12.556083333333333,12.270000000000001,13.960999999999999,13.203166666666666,15.295,38.88333333333333,8.552333333333333,38.08316666666667,20.605166666666666,5.771333333333334,26.680916666666665,2.56425,740.125,119115.83333333333,49213.39166666666,17.32,32.25000000000001,1.215,19.976111110999998,3.965,75.35000000000001
2337,0.6974142217802088,0.30258577821979116,4022,Pulaski,GA,12.09166667,13.99,13.565,12.55166667,18.28833333,40.66666667,10.71166667,35.38833333,17.00666667,6.698333333,29.875,2.458333333,626.0,117683.3333,45839.16667,14.61666667,25.28333333,0.0,39.25,4.37,59.255
2345,0.7062782179061249,0.2937217820938751,11739,Putnam,GA,11.59,10.51666667,13.58666667,15.08,21.48333333,45.83333333,12.31666667,37.37666667,16.71333333,6.48,27.645,2.523333333,735.8333332999998,159833.3333,48576.83333,17.8,27.05,2.4419999999999997,44.568000000000005,1.768,50.458
2356,0.5485921889191644,0.4514078110808356,1101,Quitman,GA,17.48666667,11.83333333,11.23333333,14.04666667,19.79666667,44.0,5.98,39.73333333,27.96333333,3.873333333,22.34666667,2.6766666669999997,512.0,59866.66667000001,27743.0,18.33333333,39.96666667,1.82,3.505,4.99,88.83
2358,0.7902304927045887,0.2097695072954113,9458,Rabun,GA,10.0225,11.599583333750001,12.38875,14.835625,25.657083333750002,48.6875,14.8210416675,32.1075,16.33333333375,11.5725,25.48666666625,2.367291666625,736.520833325,177254.166675,42005.83333375,16.8125,35.23333333375,2.129112103125,22.31675099175,4.0623511905,72.71673611125
2369,0.4542782495101241,0.5457217504898759,3062,Randolph,GA,11.207222223333334,12.758888890000001,11.030000001,14.03111111,20.997777780000003,43.38888889,6.168888888999999,37.27111111,24.170555556666667,4.876666666666667,27.71222222333333,2.5433333333333334,506.6666666666666,67888.88889,31210.166666666668,17.622222219999998,26.544444443333333,1.2871666666666668,1.9645,3.0195833333333333,94.24566666666668
2409,0.3124246926289438,0.6875753073710562,85483,Richmond,GA,15.65707081888889,10.894083301444446,12.502172296666666,13.534455297777777,13.611858295555557,37.07791344444445,11.667413648333332,31.242458619999997,18.98887810222222,6.942554402444444,30.78012739111111,2.680538054555556,821.0940853333334,104615.18205999999,37986.41117000001,18.33433385777778,35.02859270444444,1.1630555555555557,32.67403703666667,2.276944444444444,64.30440740666667
2437,0.29396456131616466,0.7060354386838353,44189,Rockdale,GA,11.564944446666667,13.177148149999999,14.580740740000001,13.486518519999999,12.876185186666666,38.03703703666667,16.681944443333332,31.998425926666666,14.04298148,7.819703703666666,29.40553703666667,2.7618148149999997,1085.5388886666667,146534.62963333333,57736.88889,18.19037037,27.91611111,5.015744588666667,14.308857143333332,7.910506493,76.46429870333333
2524,0.7957559681697612,0.20424403183023873,2262,Schley,GA,13.67,12.292,13.475999999999999,12.522,16.75,39.6,5.87,34.534,23.618000000000002,4.5,30.99,2.532,626.4,85280.0,38339.4,17.82,30.9,0.37,4.74,5.0525,90.9825
2546,0.5953467153284672,0.40465328467153283,6576,Screven,GA,13.511249999999999,11.619250000000001,11.55125,15.396500000000001,16.5309166675,39.4416666675,7.4502500000000005,41.748000000000005,18.829,4.11416666675,28.62975,2.74341666675,652.6833333249999,78818.3333325,40835.2583325,15.802499999999998,26.2358333325,0.9706875,3.7150625,10.98483333325,89.55329166749999
2553,0.6757387247278382,0.32426127527216175,3858,Seminole,GA,9.795,11.647000000000002,12.675,14.027999999999999,22.743333335,45.066666665,8.9416666665,41.320666665000005,15.568999999999999,4.8216666665000005,29.266,2.8703333334999996,692.9333333500001,87920.0,40536.766665,16.606666665,28.310000000000002,0.1385,2.6244999999999994,2.2295,94.356
2626,0.6042240267661102,0.3957759732338898,28693,Spalding,GA,11.624155843333334,12.307489176666666,13.921753246666666,13.39378788,17.55935065,39.35497835666666,10.461450216666668,40.433636363333335,18.49142857,5.1993722946666665,25.928614720000002,2.5164069263333335,884.0108225,118208.44156666666,45212.599566666664,18.918831166666667,32.66233766,1.5678571430000001,55.32146825333333,4.866547618999999,38.91246032
2675,0.7970730877222837,0.20292691227771634,11753,Stephens,GA,10.480259259999999,11.065055556666666,13.483407406666666,13.838962963333332,20.633407406666667,42.70185185333333,10.555648146666666,38.890203703333334,19.36774074,6.575277777666666,26.728537036666665,2.226148148,730.5296296333332,102570.55556666666,44573.403703333344,15.364074073333335,31.652962963333334,0.568888889,21.58111111,6.061111111,73.19777777666665
2685,0.4039334341906203,0.5960665658093798,1983,Stewart,GA,20.88333333333333,13.500833333333333,12.536666666666667,11.471666666666666,15.883333333333335,40.083333333333336,7.715,39.984166666666674,31.919166666666666,3.0749999999999997,15.905000000000001,2.4250000000000003,501.6666666666667,51041.666666666664,28686.5,16.5,35.333333333333336,0.4680555556666666,13.662222223333332,6.488333333333333,81.5225
2717,0.47568464730290455,0.5243153526970954,12050,Sumter,GA,10.42197279,11.019258503857143,14.271363947142856,14.493778910000001,17.269867347142856,40.88401360571429,11.419149659999999,33.94227891,20.782452381428573,6.923860544142857,28.10115986285714,2.498027211,729.7598639571428,99632.75510142857,40216.67142857143,17.47642857142857,32.495544218571425,1.8167976190000001,30.450006802857143,7.34254931957143,61.64140816285713
2735,0.3968027405081359,0.6031972594918641,3503,Talbot,GA,9.400625,9.736875000000001,13.456875,18.934375,22.2252083325,48.895833332500004,7.46854166675,41.4047916675,21.655833332500002,4.61666666675,24.195625,2.42520833325,682.4375,75483.3333325,35900.9166675,18.9958333325,27.168750000000003,0.9220833332499999,11.16375,7.70125,85.5633333325
2737,0.39087947882736157,0.6091205211726385,921,Taliaferro,GA,11.038333333499999,12.176666664999999,13.96,13.163333335,23.035,42.0,4.6266666665,45.61,29.585,3.1566666665,16.403333335,2.635,567.3333333500001,65066.666665,31852.833335,17.733333334999998,30.200000000000003,2.391,1.7930000000000001,1.831,93.547
2747,0.7460219563340323,0.25397804366596766,8107,Tattnall,GA,13.390499998,13.118833332,14.167166666,11.885999998,16.246166666,38.666666666000005,8.462500000599999,38.608999999999995,21.406166666,5.6151666668,25.807499999999997,2.6016666668,609.4999999799999,89044.999994,38064.733334000004,16.581666666,25.256666668,2.6299642856,3.4914428572000005,7.575228571399999,89.066328572
2749,0.6354796320630749,0.3645203679369251,3805,Taylor,GA,8.7283333335,11.756666665000001,15.1223333325,16.071833335,18.542333335,43.833333332500004,6.669499999999999,35.084666665,23.264166664999998,4.4878333335,29.799500000000002,2.59916666675,608.483333325,83935.0,34648.1333325,16.696666665,30.0,1.9191666667499998,28.716874999999998,4.9545833335000005,66.30354166750001
2758,0.6559739655973965,0.34402603440260343,4302,Telfair,GA,11.564133334,13.641066666,13.817466666000001,16.700333334,19.506733334,46.153333334,6.0134666666,48.946533333999994,23.2048,4.2531333334,17.570133333999998,2.4232666666,602.65333334,60923.333334,32764.126666000004,13.504,33.318666666,4.0105,34.303,9.791,55.484500000000004
2762,0.4575342465753425,0.5424657534246575,4380,Terrell,GA,9.4910714275,10.502142857499999,15.3860714275,12.8914285725,23.6426785725,45.5714285725,6.21553571425,35.63875,22.861607142500002,6.05214285725,29.376428572500004,2.7535714285,690.553571425,85362.5,38026.625,15.766071427499998,30.826785714999996,0.38875,3.269375,2.796875,92.304375
2770,0.5980057243098513,0.4019942756901487,21662,Thomas,GA,11.240718750000001,12.042468750000001,13.652499999999998,14.712718749999999,16.741874999999997,41.962500000000006,9.191968750000001,36.43025,20.56971875,6.449875,27.86678125,2.70175,703.9968749999999,107319.6875,41128.015625,17.86875,32.357187499999995,0.3546875,29.2140625,5.937187499999999,67.20760416625
2776,0.6695641375884763,0.3304358624115237,16106,Tift,GA,11.2327678575,12.4801934525,13.523214285,14.365,16.628958332499998,40.8377976175,10.00334821425,34.876979167500004,17.466994047500002,7.5506994047500005,30.6513839275,2.39915178575,661.69940475,112050.89285,50628.30506,17.401785715000003,26.6183035725,1.31,6.420625,5.8125,88.19625
2795,0.7281472574229951,0.2718527425770049,10811,Toombs,GA,13.99777778,12.91444444,12.37444444,11.92111111,15.50777778,37.22222222,6.7577777779999995,39.19555556,22.60888889,5.013333333,25.85555556,2.625555556,598.7777778,74455.55556000001,34543.11111000001,17.0,29.17777778,0.384,0.29600000000000004,2.592,95.834
2798,0.8046382656919586,0.19536173430804135,7934,Towns,GA,8.05225,7.3885000000000005,11.437999999999999,16.321749999999998,34.50425,55.85,13.247,31.414749999999998,9.8865,11.8185,33.011250000000004,2.6005000000000003,875.925,200725.0,47845.475,17.255000000000003,31.439999999999998,1.0566666665,27.626666665000002,2.5733333335,67.391666665
2806,0.688175565018015,0.3118244349819849,3053,Treutlen,GA,11.546,12.56,11.806,13.634,19.194000000000003,41.8,6.1960000000000015,38.758,20.062,6.604,27.138,2.864,611.0,72780.0,40747.2,15.52,28.16,0.015,0.0,1.59,98.43
2812,0.6105806538682141,0.3894193461317858,29639,Troup,GA,12.650218254999999,11.8704265875,13.608630949999998,13.318214285,15.995992062500001,39.817460315000005,11.87285714275,35.75610119,15.9434027775,7.4734523809999995,29.385248017500004,2.633095238,862.821428575,134495.039675,49041.524802500004,18.3285714275,31.961706350000004,5.1135281384999995,22.78385822525,9.908003246749999,66.5491666675
2820,0.6249002394253791,0.3750997605746209,3759,Turner,GA,10.603888888999998,13.558611110000001,12.90638889,14.761388890000001,18.988333333333333,43.777777776666674,8.075833333333334,37.556388889999994,20.88611111,4.914722222333333,28.68805555666667,2.603333333333333,589.6666666666666,84994.44444333333,44958.97222333334,17.152777776666667,34.63055555666667,0.9192857143333333,48.19333333333333,4.545952381,47.04738095333334
2825,0.5372050816696915,0.4627949183303085,4408,Twiggs,GA,10.594125,11.839125000000001,13.4905,16.016750000000002,19.406,44.775,6.420375,43.3365,23.909125000000003,4.039,22.037374999999997,2.575375,651.25,69807.5,36369.7875,16.951249999999998,34.1125,0.185,37.185833332499996,5.110625,58.623124999999995
2837,0.8185763326640326,0.18142366733596735,15439,Union,GA,7.50625,6.369375,14.21875,20.061875,32.82625,54.875,15.671875,34.246875,11.26,10.306875000000002,29.914375,2.7668749999999998,893.625,182000.0,51344.1875,17.887500000000003,27.1875,0.83,20.3908333335,18.134166665,71.774583335
2855,0.6718737795829103,0.3281262204170897,12803,Upson,GA,11.055714286666666,11.325277776666667,13.794603176666667,15.853174603333335,17.16646825333333,42.19047619,8.315,37.35337301333333,17.463055556666664,5.753253968,30.866904763333334,2.6219444443333333,692.0515872999999,107280.15872,42795.93254,17.656349206666665,29.455555556666667,9.90789316,22.62268376333333,10.507542736666666,61.71431196666666
2898,0.8007604562737642,0.19923954372623573,28930,Walker,GA,10.9491805555,12.168819443333334,14.539916666666668,13.62586111,18.115291666666668,41.50277777833333,13.427055555,33.59990277833334,16.561472221666666,7.280208332833333,29.439722221666667,2.6213095238333333,785.0013227666667,140766.66668333331,50871.545633333335,16.267791005000003,30.355291005,1.0345,47.90133333333333,3.2951666666666664,48.495944445
2908,0.748819697603538,0.2511803023964621,50199,Walton,GA,11.5108823506,12.488816994,14.773555556,12.552071896,16.565601307999998,40.625490196,13.252954248,38.087673204,11.7997254896,7.683549018799998,29.069176470000002,2.7038039216,976.70915026,178385.81698,60980.86536000001,17.771045754,29.71124183,2.5463333334000002,8.388455555999998,5.821266666,84.43871111200001
2914,0.7003314761266662,0.2996685238733338,14179,Ware,GA,13.340482142499999,13.4509285725,12.753589285,12.8836071425,15.1600714275,38.3660714275,6.904482142750001,42.2956071425,20.101339285,4.1170535715,26.5428928575,2.62235714275,658.571428575,75771.964285,40983.7785725,15.324107142499999,32.4783928575,1.18875,25.7929166675,9.089583333250001,68.42125
2915,0.4416510318949343,0.5583489681050656,2665,Warren,GA,12.528749999999999,8.52083333325,14.290624999999999,16.30375,20.8602083325,43.291666667499996,8.7958333325,42.31125,22.79375,5.018125000000001,21.05875,2.61916666675,726.0,72897.9166675,36876.0625,20.1104166675,29.5416666675,1.5613958332500002,30.840916667500004,4.871729166750001,63.68508333249999
2939,0.4964335143191739,0.5035664856808262,9393,Washington,GA,11.921139455714286,12.218758504285713,13.760680271428571,14.861683672857144,17.86914966,41.35884353714285,8.576547619000001,41.135697279999995,22.872414965714285,4.096513605428571,24.064812924285715,2.798418367285714,673.2772108857142,81707.65306142857,40158.94217714285,17.039285714285715,28.227210884285714,1.2871428571428574,35.70071428571429,4.598571428571428,60.292142857142856
2974,0.7879911630108885,0.21200883698911158,12674,Wayne,GA,12.973749999999999,11.7975,13.4995833325,12.979583332499999,16.8533333325,39.6249999975,7.678333332999999,41.174583335,18.12,5.7125,27.9704166675,2.4575,600.5,102541.6666575,44514.5833325,15.6875,24.291666665,0.9125,26.8925,5.1916666665,67.795833335
2994,0.5392934390771449,0.46070656092285506,1387,Webster,GA,7.0533333335,10.503333335,15.633333335,13.053333335000001,23.003333335,45.166666665,6.8783333335000005,44.658333334999995,24.128333335,2.81,21.909999999999997,2.7616666665,533.66666665,64683.333335,34942.0,16.633333335,34.433333335,1.32375,16.785,9.1225,79.21125
3017,0.6970497578159401,0.30295024218405986,2271,Wheeler,GA,13.41333333,10.95333333,12.72333333,14.89666667,17.55,44.66666667,7.606666667000001,48.99666667,20.8,1.33,22.37,2.6766666669999997,513.6666667,60266.66667000001,29165.33333,15.0,34.8,3.7339999999999995,22.737000000000002,29.552,64.8905
3022,0.8352354267750974,0.16476457322490262,14633,White,GA,9.097583333333333,10.208333333333334,13.622250000000001,15.568833333333336,27.824166666666667,50.76666666666667,14.967583333333332,29.99808333333333,11.810833333333335,12.293666666666667,32.179750000000006,2.9302499999999996,873.0916666666667,183225.83333333334,52586.90833333333,16.045833333333334,28.114166666666666,1.9207936506666663,21.57904762,9.101269842333334,71.88015873333332
3028,0.7061091830551424,0.2938908169448576,36306,Whitfield,GA,11.918275131666666,12.826798941666667,14.576689153333334,12.201470899999999,14.414238095,38.62275132166667,11.172837301666668,30.32602248666667,22.72519047666667,7.018716931166668,29.411660053333332,2.6834338625,712.02314815,140574.73545,53658.27341333334,15.779894181666664,24.811415345,1.4214444444999998,32.97248148166667,3.3671481481666667,62.204814815
3038,0.7359877488514548,0.26401225114854515,3265,Wilcox,GA,12.102291665,13.340583332500001,12.061125,14.859541665,18.154583334999998,40.2458333325,6.94,44.1663333325,20.2695,3.8057916667500002,25.0084583325,2.60925,535.341666675,76447.916665,38714.4333325,14.88625,32.6454166675,1.4051785715,32.085625,4.375535714250001,63.5354464275
3039,0.5666399036531513,0.43336009634684863,4982,Wilkes,GA,8.547055555666667,10.156388888999999,15.254333333333333,14.503333333333332,22.46311111,45.311111110000006,6.6055,43.608222223333335,22.34472222333333,5.3933333333333335,21.75583333333333,2.5524444443333336,634.9388889,83564.44444333333,36960.933333333334,17.95111111,29.167777776666668,0.543611111,26.038055556666666,4.449722222333333,68.61027777666666
3042,0.5621439122177675,0.43785608778223256,4739,Wilkinson,GA,9.6808333325,12.2133333325,12.4883333325,16.66875,20.4816666675,46.708333332500004,6.9408333335000005,53.8920833325,17.57,4.70375,18.601666667499998,2.66958333325,624.583333325,78987.5,38565.333335,13.15,34.229166667499996,3.01064285725,26.0318571425,8.8744285715,65.8748571425
3087,0.740266782344648,0.2597332176553519,9221,Worth,GA,11.787777778333336,11.143472221666665,14.054444443333333,13.900138888333332,18.634583333333335,41.72222222166667,6.1219444444999995,39.81180555500001,22.951666666666668,4.419583333333334,26.115694443333336,2.895833333166667,654.3611111166666,89265.27777833333,45253.958333333336,16.154166666666665,29.53472222166667,1.9866746031666667,26.204896826166664,6.706293650500001,68.10370635
